{"cameraMode":{"drawMode":0,"name":"Shaded","section":"Shading Mode"},"sceneLighting":true,"audioPlay":false,"sceneViewState":{"m_AlwaysRefresh":false,"showFog":true,"showSkybox":true,"showFlares":true,"showImageEffects":true,"showParticleSystems":true,"showVisualEffectGraphs":true,"m_FxEnabled":true},"in2DMode":false,"pivot":{"x":1274.1158447265625,"y":1236.279052734375,"z":11.067724227905274},"rotation":{"x":0.09853000938892365,"y":0.002086934633553028,"z":0.00020669876539614052,"w":-0.9951332211494446},"size":2289.857177734375,"orthographic":true}